{"cameraMode":{"drawMode":0,"name":"Shaded","section":"Shading Mode"},"sceneLighting":true,"audioPlay":false,"sceneViewState":{"showFog":true,"showMaterialUpdate":false,"showSkybox":true,"showFlares":true,"showImageEffects":true,"showParticleSystems":true},"in2DMode":false,"pivot":{"x":-1089.3839111328125,"y":-2236.0771484375,"z":1357.015625},"rotation":{"x":-0.36232656240463259,"y":0.014536432921886444,"z":-0.005651711951941252,"w":-0.9319207668304443},"size":13759.93359375,"orthographic":false}